id,name,total_serves,total_aces,total_unret,total_sp1,ace_rate,unret_rate,sp1_rate,serve_eff
0,Giovanni Mpetshi Perricard,974,175,80,61,17.967145790554415,8.213552361396303,6.262833675564682,32.44
1,Luca Vanni,127,11,18,5,8.661417322834646,14.173228346456693,3.937007874015748,26.77
2,Johannes Haerteis,123,25,0,7,20.32520325203252,0.0,5.691056910569106,26.02
3,Ante Pavic,109,16,6,6,14.678899082568808,5.504587155963303,5.504587155963303,25.69
4,Reilly Opelka,5037,804,158,320,15.961882072662299,3.1367877704983127,6.352987889616835,25.45
5,Hamad Medjedovic,202,21,18,10,10.396039603960396,8.910891089108912,4.9504950495049505,24.26
6,John Isner,9677,1410,200,696,14.570631394027075,2.066756226103131,7.192311666838896,23.83
7,Nicolas Jarry,4378,308,403,320,7.035175879396985,9.205116491548653,7.3092736409319325,23.55
8,Nick Kyrgios,12028,1507,561,682,12.529098769537745,4.664117060192884,5.670103092783505,22.86
9,Quentin Halys,1037,122,48,64,11.764705882352942,4.628736740597878,6.171648987463838,22.57
10,Ulises Blanch,67,10,0,5,14.925373134328359,0.0,7.462686567164179,22.39
11,Michael Redlicki,92,15,1,4,16.304347826086957,1.0869565217391304,4.3478260869565215,21.74
12,Milos Raonic,8566,1032,221,594,12.047630165771656,2.579967312631333,6.934391781461592,21.56
13,Daniel Vacek,110,13,2,8,11.818181818181818,1.8181818181818181,7.2727272727272725,20.91
14,Dylan Dietrich,68,9,2,3,13.235294117647058,2.9411764705882355,4.411764705882353,20.59
15,Paul Annacone,151,24,2,4,15.894039735099337,1.3245033112582782,2.6490066225165565,19.87
16,Joshua Sheehy,71,8,2,4,11.267605633802816,2.816901408450704,5.633802816901408,19.72
17,Joachim Johansson,137,17,4,6,12.408759124087592,2.9197080291970803,4.37956204379562,19.71
18,Christopher Eubanks,1521,92,76,127,6.0486522024983564,4.996712689020382,8.349769888231426,19.4
19,Ivo Karlovic,3870,406,48,283,10.490956072351421,1.2403100775193798,7.31266149870801,19.04
20,Jiri Lehecka,3803,236,257,230,6.205627136471207,6.757822771496187,6.047856955035498,19.01
21,Alex Kuznetsov,69,4,6,3,5.797101449275362,8.695652173913043,4.3478260869565215,18.84
22,Arthur Fils,3878,239,292,194,6.162970603403816,7.529654461062403,5.0025786487880355,18.7
23,Goran Ivanisevic,6109,793,4,312,12.980847929284662,0.06547716483876248,5.107218857423473,18.15
24,Kevin Anderson,3040,326,73,152,10.723684210526315,2.401315789473684,5.0,18.12
25,Tim Van Rijthoven,1816,205,5,119,11.288546255506608,0.2753303964757709,6.552863436123348,18.12
26,Gabriel Diallo,381,34,14,21,8.923884514435695,3.674540682414698,5.511811023622047,18.11
27,Alexander Bublik,7032,662,266,342,9.41410693970421,3.782707622298066,4.863481228668942,18.06
28,Karlis Ozolins,72,11,1,1,15.277777777777779,1.3888888888888888,1.3888888888888888,18.06
29,Matteo Berrettini,7883,725,194,484,9.197006215907649,2.4609920081187364,6.139794494481796,17.8
30,Bernard Tomic,2771,226,127,138,8.155900396968603,4.583182966438109,4.980151569830386,17.72
31,N Sriram Balaji,68,11,0,1,16.176470588235293,0.0,1.4705882352941178,17.65
32,Gilles Muller,1525,108,22,139,7.081967213114754,1.4426229508196722,9.114754098360656,17.64
33,Jan Kumstat,182,23,1,8,12.637362637362637,0.5494505494505495,4.395604395604396,17.58
34,Arthur Rinderknech,1204,95,46,70,7.8903654485049834,3.820598006644518,5.813953488372093,17.52
35,Mark Philippoussis,2362,250,7,156,10.584250635055039,0.29635901778154106,6.604572396274344,17.49
36,Sam Querrey,2479,291,25,115,11.738604275917709,1.008471157724889,4.63896732553449,17.39
37,Derrick Rostagno,139,12,1,11,8.633093525179856,0.7194244604316546,7.913669064748201,17.27
38,Albano Olivetti,93,11,0,5,11.827956989247312,0.0,5.376344086021505,17.2
39,Andrey Rublev,15704,1093,841,763,6.96001018848701,5.3553234844625575,4.858634742740703,17.17
40,Taylor Fritz,9754,796,409,469,8.16075456223088,4.193151527578429,4.808283781012918,17.16
41,Eduardo Struvay,76,7,0,6,9.210526315789474,0.0,7.894736842105263,17.11
42,Denis Shapovalov,8757,580,303,612,6.62327281032317,3.460089071599863,6.988694758478931,17.07
43,Danilo Petrovic,94,7,0,9,7.446808510638298,0.0,9.574468085106384,17.02
44,Kevin Krawietz,59,1,0,9,1.694915254237288,0.0,15.254237288135593,16.95
45,Roscoe Tanner,130,12,0,10,9.23076923076923,0.0,7.6923076923076925,16.92
46,Richard Krajicek,3449,360,14,209,10.437808060307335,0.4059147579008408,6.059727457233981,16.9
47,Chris Woodruff,262,33,0,11,12.595419847328245,0.0,4.198473282442748,16.79
48,Ben Shelton,3005,246,96,161,8.186356073211314,3.194675540765391,5.357737104825291,16.74
49,Antoine Escoffier,180,18,6,6,10.0,3.3333333333333335,3.3333333333333335,16.67
50,Zizou Bergs,739,64,19,40,8.660351826792963,2.571041948579161,5.412719891745602,16.64
51,Emilio Nava,512,35,12,38,6.8359375,2.34375,7.421875,16.6
52,Ugo Humbert,4156,235,237,210,5.654475457170356,5.702598652550529,5.0529355149181905,16.41
53,Titouan Droguet,55,6,0,3,10.909090909090908,0.0,5.454545454545454,16.36
54,Felix Auger Aliassime,9015,770,266,438,8.541320022185246,2.9506378258458126,4.858569051580699,16.35
55,Jan Lennard Struff,4465,343,131,254,7.681970884658455,2.9339305711086228,5.688689809630459,16.3
56,Norbert Gombos,252,18,12,11,7.142857142857143,4.761904761904762,4.365079365079365,16.27
57,Gavin Van Peperzeel,74,3,0,9,4.054054054054054,0.0,12.162162162162161,16.22
58,Benoit Paire,4455,295,125,302,6.621773288439955,2.8058361391694726,6.778900112233446,16.21
59,Petros Tsitsipas,68,3,1,7,4.411764705882353,1.4705882352941178,10.294117647058824,16.18
60,Alexei Popyrin,2784,214,79,157,7.686781609195402,2.8376436781609193,5.639367816091954,16.16
61,Maxime Cressy,3167,221,54,236,6.978212819703189,1.705083675402589,7.451847173981686,16.14
62,Alexander Zverev,16385,1268,559,808,7.738785474519378,3.4116570033567286,4.931339639914556,16.08
63,Michael Llodra,299,25,0,23,8.361204013377927,0.0,7.6923076923076925,16.05
64,Kristof Vliegen,94,9,0,6,9.574468085106384,0.0,6.382978723404255,15.96
65,Igor Sijsling,182,19,0,10,10.43956043956044,0.0,5.4945054945054945,15.93
66,Saidalo Saidkarimov,44,3,0,4,6.818181818181818,0.0,9.090909090909092,15.91
67,Otto Virtanen,1110,102,15,59,9.18918918918919,1.3513513513513513,5.315315315315315,15.86
68,Nicolas Mahut,1371,122,4,91,8.898614150255288,0.29175784099197666,6.637490882567469,15.83
69,Andy Roddick,11990,1303,136,458,10.867389491242703,1.134278565471226,3.8198498748957466,15.82
70,Patrick Kaukovalta,76,8,2,2,10.526315789473685,2.6315789473684212,2.6315789473684212,15.79
71,Matwe Middelkoop,76,6,0,6,7.894736842105263,0.0,7.894736842105263,15.79
72,Duje Ajdukovic,108,6,1,10,5.555555555555555,0.9259259259259259,9.25925925925926,15.74
73,Max Houkes,121,7,0,12,5.785123966942149,0.0,9.917355371900827,15.7
74,Brayden Schnur,645,54,17,30,8.372093023255815,2.635658914728682,4.651162790697675,15.66
75,Hubert Hurkacz,31691,3200,114,1622,10.097504023224259,0.3597235808273642,5.118172351771796,15.58
76,Uladzimir Ignatik,116,13,0,5,11.206896551724139,0.0,4.310344827586207,15.52
77,Thanasi Kokkinakis,2980,259,52,151,8.691275167785236,1.74496644295302,5.067114093959732,15.5
78,Alexander Waske,84,8,0,5,9.523809523809524,0.0,5.9523809523809526,15.48
79,Vasek Pospisil,1611,123,28,98,7.635009310986964,1.7380509000620732,6.083178150217257,15.46
80,Paradorn Srichaphan,449,41,3,25,9.131403118040089,0.6681514476614699,5.567928730512249,15.37
81,Magnus Larsson,484,51,0,23,10.537190082644628,0.0,4.75206611570248,15.29
82,Patrick Kypson,164,16,0,9,9.75609756097561,0.0,5.487804878048781,15.24
83,Pete Sampras,24056,2119,183,1362,8.808613235783172,0.7607249750581976,5.661789158629864,15.23
84,Jiri Vesely,1104,91,19,58,8.242753623188406,1.7210144927536233,5.253623188405797,15.22
85,Karsten Braasch,198,11,2,17,5.555555555555555,1.0101010101010102,8.585858585858587,15.15
86,Andrew Foster,126,9,1,9,7.142857142857143,0.7936507936507936,7.142857142857143,15.08
87,Marcus Willis,100,6,3,6,6.0,3.0,6.0,15.0
88,Chris Guccione,147,13,0,9,8.843537414965986,0.0,6.122448979591836,14.97
89,Yosuke Watanuki,314,30,4,13,9.554140127388536,1.2738853503184713,4.140127388535032,14.97
90,Pierre Hugues Herbert,1404,87,14,109,6.196581196581197,0.9971509971509972,7.763532763532764,14.96
91,Bob Bryan,87,9,0,4,10.344827586206897,0.0,4.597701149425287,14.94
92,Younes El Aynaoui,516,41,12,24,7.945736434108527,2.3255813953488373,4.651162790697675,14.92
93,Marin Cilic,8445,659,139,461,7.803433984606276,1.6459443457667258,5.458851391355831,14.91
94,Daniel Altmaier,1076,68,39,53,6.319702602230484,3.62453531598513,4.925650557620818,14.87
95,James Trotter,74,7,1,3,9.45945945945946,1.3513513513513513,4.054054054054054,14.86
96,Aleksandar Vukic,1168,103,26,44,8.818493150684931,2.2260273972602738,3.767123287671233,14.81
97,Philipp Petzschner,331,26,10,13,7.854984894259819,3.0211480362537766,3.9274924471299095,14.8
98,Alexander Blockx,142,10,0,11,7.042253521126761,0.0,7.746478873239437,14.79
99,Karen Khachanov,7389,520,201,370,7.037488158072811,2.7202598457166056,5.00744349709027,14.77
100,Werner Eschauer,88,6,0,7,6.818181818181818,0.0,7.954545454545454,14.77
101,Tung Lin Wu,136,6,0,14,4.411764705882353,0.0,10.294117647058824,14.71
102,Francesco Maestrelli,109,6,0,10,5.504587155963303,0.0,9.174311926605505,14.68
103,Aleksandar Kovacevic,709,64,10,30,9.026798307475318,1.4104372355430184,4.231311706629055,14.67
104,Ivan Ljubicic,1746,177,2,77,10.137457044673539,0.1145475372279496,4.41008018327606,14.66
105,Zhizhen Zhang,1986,143,60,88,7.2004028197381675,3.0211480362537766,4.431017119838872,14.65
106,David Wheaton,724,51,5,50,7.044198895027624,0.6906077348066298,6.906077348066298,14.64
107,Mark Kevin Goellner,205,19,0,11,9.268292682926829,0.0,5.365853658536586,14.63
108,Ernests Gulbis,1956,171,20,95,8.742331288343559,1.0224948875255624,4.856850715746421,14.62
109,Luciano Darderi,725,35,29,42,4.827586206896552,4.0,5.793103448275862,14.62
110,Fabian Marozsan,1315,60,46,86,4.562737642585551,3.4980988593155895,6.5399239543726235,14.6
111,Grega Zemlja,62,7,0,2,11.290322580645162,0.0,3.225806451612903,14.52
112,Max Purcell,730,61,6,39,8.356164383561644,0.821917808219178,5.342465753424658,14.52
113,Peter Fajta,62,4,1,4,6.451612903225806,1.6129032258064515,6.451612903225806,14.52
114,Matteo Martineau,138,7,7,6,5.072463768115942,5.072463768115942,4.3478260869565215,14.49
115,Arthur Cazaux,787,73,14,27,9.275730622617536,1.7789072426937738,3.4307496823379924,14.49
116,Stefanos Tsitsipas,18936,1205,455,1078,6.363540346430081,2.4028305872412337,5.692860160540769,14.46
117,Federico Gaio,173,11,0,14,6.358381502890174,0.0,8.092485549132949,14.45
118,Thiago Monteiro,1082,64,38,54,5.914972273567468,3.512014787430684,4.990757855822551,14.42
119,Tallon Griekspoor,8909,605,129,551,6.79088562128185,1.4479739589179481,6.184756987316197,14.42
120,Greg Rusedski,2014,140,18,132,6.951340615690169,0.8937437934458788,6.554121151936445,14.4
121,Yannick Hanfmann,969,43,47,49,4.437564499484004,4.8503611971104235,5.056759545923633,14.34
122,Joakim Nystrom,266,11,6,21,4.135338345864661,2.255639097744361,7.894736842105263,14.29
123,Neil Borwick,182,15,2,9,8.241758241758241,1.098901098901099,4.945054945054945,14.29
124,Jerzy Janowicz,939,66,11,57,7.0287539936102235,1.1714589989350372,6.0702875399361025,14.27
125,Lukas Lacko,429,28,8,25,6.526806526806527,1.8648018648018647,5.827505827505828,14.22
126,Goncalo Oliveira,289,15,1,25,5.190311418685121,0.3460207612456747,8.650519031141869,14.19
127,Roman Safiullin,1504,89,33,91,5.917553191489362,2.1941489361702127,6.050531914893617,14.16
128,Dustin Brown,1459,85,7,114,5.825908156271419,0.47978067169294036,7.813570938999314,14.12
129,James Mccabe,156,13,1,8,8.333333333333334,0.6410256410256411,5.128205128205129,14.1
130,Tristan Schoolkate,306,20,5,18,6.5359477124183005,1.6339869281045751,5.882352941176471,14.05
131,Kristian Pless,114,12,0,4,10.526315789473685,0.0,3.508771929824561,14.04
132,Daniil Medvedev,25692,1900,684,1017,7.395298147283201,2.6623073330219524,3.958430639887903,14.02
133,Brandon Nakashima,2600,170,77,117,6.538461538461538,2.9615384615384617,4.5,14.0
134,Hugo Grenier,223,17,0,14,7.623318385650224,0.0,6.278026905829597,13.9
135,Rogerio Dutra Silva,36,2,0,3,5.555555555555555,0.0,8.333333333333334,13.89
136,Joao Souza,72,2,0,8,2.7777777777777777,0.0,11.11111111111111,13.89
137,Jeremy Chardy,2270,159,35,121,7.004405286343612,1.5418502202643172,5.330396475770925,13.88
138,Roger Federer,70432,4895,477,4396,6.949965924579736,0.6772489777373921,6.241481144934121,13.87
139,Sandro Ehrat,101,7,0,7,6.930693069306931,0.0,6.930693069306931,13.86
140,Marius Copil,514,44,3,24,8.560311284046692,0.5836575875486382,4.669260700389105,13.81
141,Dominic Stricker,500,29,6,34,5.8,1.2,6.8,13.8
142,Vladimir Ivanov,262,18,2,16,6.870229007633588,0.7633587786259542,6.106870229007634,13.74
143,Jan Siemerink,233,6,6,20,2.575107296137339,2.575107296137339,8.583690987124463,13.73
144,Jo Wilfried Tsonga,7858,614,60,405,7.813693051667091,0.7635530669381522,5.153983201832528,13.73
145,Ruben Gonzales,51,5,0,2,9.803921568627452,0.0,3.9215686274509802,13.73
146,Ze Zhang,204,15,2,11,7.352941176470588,0.9803921568627451,5.392156862745098,13.73
147,Jack Draper,1877,122,45,89,6.499733617474694,2.3974427277570594,4.74160895045285,13.64
148,Marc Andrea Huesler,998,74,4,58,7.414829659318637,0.40080160320641284,5.811623246492986,13.63
149,Alejandro Tabilo,1379,64,46,78,4.641044234952864,3.335750543872371,5.656272661348804,13.63
150,Jack Sock,1708,92,40,100,5.386416861826698,2.34192037470726,5.85480093676815,13.58
151,Kevin King,988,66,1,67,6.680161943319838,0.10121457489878542,6.781376518218623,13.56
152,Julien Benneteau,369,27,5,18,7.317073170731708,1.3550135501355014,4.878048780487805,13.55
153,Jose Acasuso,170,5,8,10,2.9411764705882355,4.705882352941177,5.882352941176471,13.53
154,Bjorn Fratangelo,170,10,1,12,5.882352941176471,0.5882352941176471,7.0588235294117645,13.53
155,Daniel Masur,74,5,0,5,6.756756756756757,0.0,6.756756756756757,13.51
156,Kenneth Carlsen,245,13,0,20,5.3061224489795915,0.0,8.16326530612245,13.47
157,Thiemo De Bakker,446,31,5,24,6.95067264573991,1.1210762331838564,5.381165919282512,13.45
158,Steve Johnson,2280,130,51,125,5.701754385964913,2.236842105263158,5.482456140350878,13.42
159,Yasutaka Uchiyama,343,29,0,17,8.454810495626822,0.0,4.956268221574344,13.41
160,Ryan Seggerman,82,3,0,8,3.658536585365854,0.0,9.75609756097561,13.41
161,Sebastian Korda,4626,274,117,229,5.923043666234328,2.529182879377432,4.950281020319931,13.4
162,Devin Britton,142,7,0,12,4.929577464788732,0.0,8.450704225352112,13.38
163,Michael Berrer,480,34,5,25,7.083333333333333,1.0416666666666667,5.208333333333333,13.33
164,Mathias Bourgue,83,4,0,7,4.819277108433735,0.0,8.433734939759036,13.25
165,Maximilian Marterer,544,36,3,33,6.617647058823529,0.5514705882352942,6.0661764705882355,13.24
166,Holger Rune,5459,240,190,292,4.396409598827624,3.4804909324052025,5.348965011906943,13.23
167,Grigor Dimitrov,16259,987,402,760,6.070484039608832,2.4724767820899194,4.674334214896365,13.22
168,Mattia Bellucci,447,34,6,19,7.6062639821029085,1.342281879194631,4.250559284116331,13.2
169,Lloyd Harris,902,73,10,36,8.093126385809313,1.1086474501108647,3.991130820399113,13.19
170,Christoph Negritu,91,8,0,4,8.791208791208792,0.0,4.395604395604396,13.19
171,Casper Ruud,12976,642,394,673,4.947595561035758,3.036374845869297,5.186498150431566,13.17
172,Lukas Klein,198,7,0,19,3.5353535353535355,0.0,9.595959595959595,13.13
173,Rinky Hijikata,1052,60,11,67,5.7034220532319395,1.0456273764258555,6.3688212927756656,13.12
174,Ivan Gakhov,122,11,1,4,9.01639344262295,0.819672131147541,3.278688524590164,13.11
175,Fernando Meligeni,84,3,0,8,3.5714285714285716,0.0,9.523809523809524,13.1
176,Todd Martin,2605,192,9,139,7.370441458733206,0.345489443378119,5.335892514395393,13.05
177,Jacob Fearnley,146,8,0,11,5.47945205479452,0.0,7.534246575342466,13.01
178,Juan Martin Del Potro,13969,988,149,679,7.0728040661464675,1.0666475767771495,4.860763118333453,13.0
179,Borna Gojo,154,14,0,6,9.090909090909092,0.0,3.896103896103896,12.99
180,Sebastian Fanselow,54,6,0,1,11.11111111111111,0.0,1.8518518518518519,12.96
181,Laslo Djere,3178,193,44,175,6.073001887979862,1.3845185651353051,5.506607929515418,12.96
182,Marc Rosset,1223,110,2,46,8.994276369582993,0.1635322976287817,3.761242845461979,12.92
183,Tommy Paul,6254,261,268,278,4.173329069395587,4.285257435241445,4.445155100735529,12.9
184,Sergiy Stakhovsky,1622,112,3,94,6.905055487053021,0.18495684340320592,5.7953144266337855,12.89
185,Rei Sakamoto,225,14,0,15,6.222222222222222,0.0,6.666666666666667,12.89
186,Scoville Jenkins,163,5,2,14,3.067484662576687,1.2269938650306749,8.588957055214724,12.88
187,Bobby Reynolds,132,14,0,3,10.606060606060606,0.0,2.272727272727273,12.88
188,Lorenzo Sonego,3281,134,105,183,4.084120694910088,3.2002438281011885,5.577567814690643,12.86
189,Aslan Karatsev,3171,136,87,184,4.2888678650268055,2.7436140018921478,5.802585935036266,12.84
190,Patrick Rafter,4055,187,1,332,4.611590628853268,0.02466091245376079,8.187422934648582,12.82
191,Robin Soderling,2341,164,28,108,7.005553182400684,1.196070055531824,4.613413071337035,12.82
192,Feliciano Lopez,5993,418,36,314,6.974803937927582,0.6007008176205573,5.239446020357083,12.81
193,Max Mirnyi,696,45,3,41,6.4655172413793105,0.43103448275862066,5.890804597701149,12.79
194,Henri Laaksonen,360,24,7,15,6.666666666666667,1.9444444444444444,4.166666666666667,12.78
195,Michael Stich,4234,243,2,295,5.739253660840813,0.04723665564478035,6.967406707605101,12.75
196,Jared Donaldson,573,21,37,15,3.6649214659685865,6.457242582897033,2.6178010471204187,12.74
197,Michal Przysiezny,165,14,4,3,8.484848484848484,2.4242424242424243,1.8181818181818181,12.73
198,Stefano Napolitano,79,4,0,6,5.063291139240507,0.0,7.594936708860759,12.66
199,Thomas Enqvist,1580,132,2,65,8.354430379746836,0.12658227848101267,4.113924050632911,12.59
200,Marat Safin,6806,508,77,271,7.464002350866882,1.1313546870408464,3.9817807816632382,12.58
201,Fernando Gonzalez,3865,227,26,233,5.873221216041397,0.6727037516170763,6.028460543337646,12.57
202,Mardy Fish,1275,96,2,62,7.529411764705882,0.1568627450980392,4.862745098039215,12.55
203,Martin Verkerk,343,24,7,12,6.997084548104956,2.0408163265306123,3.498542274052478,12.54
204,Filip Krajinovic,2060,76,59,123,3.6893203883495147,2.8640776699029127,5.970873786407767,12.52
205,Matteo Arnaldi,1434,64,53,62,4.463040446304045,3.695955369595537,4.323570432357044,12.48
206,Laurent Lokoli,266,11,2,20,4.135338345864661,0.7518796992481203,7.518796992481203,12.41
207,Stan Wawrinka,14637,856,205,754,5.84819293571087,1.4005602240896358,5.151328824212612,12.4
208,Valentin Vacherot,259,19,0,13,7.335907335907336,0.0,5.019305019305019,12.36
209,Flavio Cobolli,1101,41,43,52,3.723887375113533,3.905540417801998,4.72297910990009,12.35
210,Miljan Zekic,81,0,1,9,0.0,1.2345679012345678,11.11111111111111,12.35
211,Samuel Groth,325,22,0,18,6.769230769230769,0.0,5.538461538461538,12.31
212,Gael Monfils,13677,878,195,609,6.419536448051473,1.4257512612415004,4.452730862031147,12.3
213,Horacio Zeballos,407,21,6,23,5.15970515970516,1.4742014742014742,5.651105651105651,12.29
214,Oscar Otte,668,50,0,32,7.485029940119761,0.0,4.790419161676646,12.28
215,Vladimir Voltchkov,131,10,0,6,7.633587786259542,0.0,4.580152671755725,12.21
216,Ty Trombetta,82,5,0,5,6.097560975609756,0.0,6.097560975609756,12.2
217,Marco Cecchinato,1867,61,31,135,3.267273701124799,1.6604177825388324,7.230851633636851,12.16
218,Boris Becker,18251,1264,111,844,6.925647909703578,0.6081858528299819,4.624404142238782,12.16
219,Francisco Comesana,239,18,0,11,7.531380753138075,0.0,4.602510460251046,12.13
220,Rudy Coco,66,2,0,6,3.0303030303030303,0.0,9.090909090909092,12.12
221,James Duckworth,645,35,15,28,5.426356589147287,2.3255813953488373,4.341085271317829,12.09
222,Nicolas Almagro,1935,102,33,99,5.271317829457364,1.7054263565891472,5.116279069767442,12.09
223,Nikoloz Basilashvili,3386,161,98,149,4.754873006497342,2.894270525694034,4.400472533963379,12.05
224,Laurynas Grigelis,133,9,0,7,6.7669172932330826,0.0,5.2631578947368425,12.03
225,Egor Gerasimov,1090,63,7,61,5.779816513761468,0.6422018348623854,5.5963302752293576,12.02
226,Frances Tiafoe,4042,235,97,153,5.813953488372093,2.3998020781791194,3.785254824344384,12.0
227,Akira Santillan,75,6,0,3,8.0,0.0,4.0,12.0
228,Julian Reister,50,2,0,4,4.0,0.0,8.0,12.0
229,Jordan Thompson,2831,184,40,115,6.499470151889792,1.412928293889085,4.0621688449311195,11.97
230,Mateus Alves,209,14,4,7,6.698564593301436,1.9138755980861244,3.349282296650718,11.96
231,Alexandr Dolgopolov,2715,156,28,139,5.745856353591161,1.0313075506445673,5.119705340699816,11.9
232,Dominic Thiem,19240,936,277,1075,4.864864864864865,1.4397089397089398,5.587318087318088,11.89
233,Ethan Quinn,160,11,2,6,6.875,1.25,3.75,11.88
234,Tomas Berdych,9347,564,79,465,6.034021611212154,0.8451909703648229,4.974858243286616,11.85
235,Leander Paes,270,16,0,16,5.925925925925926,0.0,5.925925925925926,11.85
236,Marcelo Arevalo,228,15,0,12,6.578947368421052,0.0,5.2631578947368425,11.84
237,Gustavo Kuerten,3639,239,11,180,6.5677383896674915,0.3022808463863699,4.9464138499587795,11.82
238,Lukas Rosol,1212,60,2,81,4.9504950495049505,0.16501650165016502,6.683168316831683,11.8
239,Lucas Pouille,3597,209,25,189,5.81039755351682,0.6950236308034473,5.254378648874062,11.76
240,Robert Kendrick,128,7,0,8,5.46875,0.0,6.25,11.72
241,Renzo Furlan,222,16,0,10,7.207207207207207,0.0,4.504504504504505,11.71
242,Carlos Alcaraz,15885,530,325,1003,3.3364809568775575,2.045955303745672,6.314132829713566,11.7
243,Daniel Nestor,77,1,1,7,1.2987012987012987,1.2987012987012987,9.090909090909092,11.69
244,Tennys Sandgren,1533,123,18,38,8.023483365949119,1.1741682974559686,2.4787997390737115,11.68
245,Daniel Cox,60,3,1,3,5.0,1.6666666666666667,5.0,11.67
246,Vincenzo Santopadre,60,5,0,2,8.333333333333334,0.0,3.3333333333333335,11.67
247,Gabriel Decamps,103,10,0,2,9.70873786407767,0.0,1.941747572815534,11.65
248,Frank Dancevic,172,4,6,10,2.3255813953488373,3.488372093023256,5.813953488372093,11.63
249,Tomasz Berkieta,129,8,0,7,6.2015503875969,0.0,5.426356589147287,11.63
250,Wayne Odesnik,112,4,0,9,3.5714285714285716,0.0,8.035714285714286,11.61
251,Jason Kubler,905,48,13,44,5.303867403314917,1.4364640883977902,4.861878453038674,11.6
252,Stefan Kozlov,216,14,0,11,6.481481481481482,0.0,5.092592592592593,11.57
253,Jurij Rodionov,173,10,0,10,5.780346820809249,0.0,5.780346820809249,11.56
254,Jakub Mensik,1769,109,28,67,6.161673261729791,1.582815149802148,3.7874505370265688,11.53
255,Ryan Harrison,278,24,3,5,8.633093525179856,1.079136690647482,1.7985611510791366,11.51
256,Jamie Morgan,148,8,1,8,5.405405405405405,0.6756756756756757,5.405405405405405,11.49
257,Pablo Cuevas,854,57,8,33,6.674473067915691,0.936768149882904,3.8641686182669788,11.48
258,Michael Westphal,157,12,0,6,7.643312101910828,0.0,3.821656050955414,11.46
259,Viktor Troicki,849,53,13,31,6.24263839811543,1.5312131919905771,3.651354534746761,11.43
260,Fernando Verdasco,4988,301,26,243,6.0344827586206895,0.5212510024057738,4.871692060946271,11.43
261,Tsung Hua Yang,175,11,0,9,6.285714285714286,0.0,5.142857142857143,11.43
262,Guy Forget,1418,108,1,53,7.616361071932299,0.07052186177715092,3.7376586741889986,11.42
263,Mili Poljicak,220,7,1,17,3.1818181818181817,0.45454545454545453,7.7272727272727275,11.36
264,Jason Stoltenberg,353,14,3,23,3.9660056657223794,0.8498583569405099,6.515580736543909,11.33
265,Benjamin Becker,212,16,3,5,7.547169811320755,1.4150943396226414,2.358490566037736,11.32
266,Konstantin Kravchuk,248,17,0,11,6.854838709677419,0.0,4.435483870967742,11.29
267,Robin Haase,5228,291,24,275,5.5661820964039785,0.4590665646518745,5.2601377199693955,11.29
268,Andrea Collarini,62,4,0,3,6.451612903225806,0.0,4.838709677419355,11.29
269,Jannik Sinner,21207,1167,274,950,5.502899985853728,1.2920262177582873,4.479652944782383,11.27
270,Nino Serdarusic,71,7,0,1,9.859154929577464,0.0,1.408450704225352,11.27
271,Christian Saceanu,151,5,2,10,3.3112582781456954,1.3245033112582782,6.622516556291391,11.26
272,Thomas Johansson,1329,97,4,48,7.298720842738901,0.3009781790820166,3.6117381489841986,11.21
273,Thiago Seyboth Wild,1934,79,25,112,4.084798345398139,1.2926577042399172,5.791106514994829,11.17
274,J J Wolf,727,26,29,26,3.576341127922971,3.9889958734525446,3.576341127922971,11.14
275,Botic Van De Zandschulp,10816,557,97,548,5.149778106508876,0.896819526627219,5.066568047337278,11.11
276,Andrey Kuznetsov,352,13,6,20,3.6931818181818183,1.7045454545454546,5.681818181818182,11.08
277,Cameron Norrie,3892,156,117,158,4.008221993833504,3.0061664953751284,4.059609455292908,11.07
278,Slobodan Zivojinovic,461,29,0,22,6.290672451193059,0.0,4.772234273318872,11.06
279,Roy Smith,190,11,4,6,5.7894736842105265,2.1052631578947367,3.1578947368421053,11.05
280,Benjamin Bonzi,703,40,5,32,5.689900426742532,0.7112375533428165,4.551920341394026,10.95
281,Denis Istomin,1114,70,7,45,6.283662477558348,0.6283662477558348,4.039497307001795,10.95
282,Alexandre Muller,950,31,29,44,3.263157894736842,3.0526315789473686,4.631578947368421,10.95
283,Guy Den Ouden,64,2,0,5,3.125,0.0,7.8125,10.94
284,Robby Ginepri,686,38,4,33,5.539358600583091,0.5830903790087464,4.810495626822157,10.93
285,Tomas Machac,2209,81,60,100,3.6668175645088277,2.716161158895428,4.526935264825713,10.91
286,Alexander Shevchenko,1352,41,40,66,3.032544378698225,2.9585798816568047,4.881656804733728,10.87
287,David Prinosil,120,3,0,10,2.5,0.0,8.333333333333334,10.83
288,Peter Gojowczyk,1205,62,25,43,5.145228215767635,2.074688796680498,3.5684647302904566,10.79
289,Malivai Washington,705,30,0,46,4.25531914893617,0.0,6.524822695035461,10.78
290,Nuno Borges,1374,53,38,57,3.8573508005822417,2.7656477438136826,4.148471615720524,10.77
291,Marcos Giron,2376,93,76,87,3.914141414141414,3.1986531986531985,3.6616161616161618,10.77
292,Andrea Vavassori,353,13,2,23,3.68271954674221,0.56657223796034,6.515580736543909,10.76
293,Sebastian Ofner,786,25,20,39,3.1806615776081424,2.544529262086514,4.961832061068702,10.69
294,Thomaz Bellucci,1022,45,5,59,4.403131115459883,0.4892367906066536,5.772994129158513,10.67
295,Luca Van Assche,451,32,2,14,7.095343680709535,0.4434589800443459,3.104212860310421,10.64
296,Adam Pavlasek,273,22,0,7,8.058608058608058,0.0,2.5641025641025643,10.62
297,Aleksandr Nedovyesov,198,8,2,11,4.040404040404041,1.0101010101010102,5.555555555555555,10.61
298,Jared Palmer,302,12,5,15,3.9735099337748343,1.6556291390728477,4.966887417218543,10.6
299,Alex Michelsen,1416,63,28,59,4.4491525423728815,1.9774011299435028,4.166666666666667,10.59
300,Francisco Cerundolo,3248,76,71,196,2.3399014778325125,2.185960591133005,6.0344827586206895,10.56
301,Tomas Martin Etcheverry,1677,85,37,55,5.068574836016697,2.206320810971974,3.279666070363745,10.55
302,Yibing Wu,512,16,13,25,3.125,2.5390625,4.8828125,10.55
303,Alexander Popp,218,13,0,10,5.963302752293578,0.0,4.587155963302752,10.55
304,Markus Hipfl,95,5,0,5,5.2631578947368425,0.0,5.2631578947368425,10.53
305,Francesco Passaro,209,2,4,16,0.9569377990430622,1.9138755980861244,7.655502392344498,10.53
306,Dusan Lajovic,3127,67,111,151,2.1426287176207226,3.54972817396866,4.82890949792133,10.52
307,Nikola Milojevic,438,22,0,24,5.0228310502283104,0.0,5.47945205479452,10.5
308,Borna Coric,4875,232,78,201,4.758974358974359,1.6,4.123076923076923,10.48
309,Magnus Norman,725,38,2,36,5.241379310344827,0.27586206896551724,4.9655172413793105,10.48
310,Arthur Fery,124,3,0,10,2.4193548387096775,0.0,8.064516129032258,10.48
311,Ramkumar Ramanathan,86,4,0,5,4.651162790697675,0.0,5.813953488372093,10.47
312,Jo Wilfred Tsonga,172,7,2,9,4.069767441860465,1.1627906976744187,5.232558139534884,10.47
313,Pablo Carreno Busta,4088,140,96,191,3.4246575342465753,2.3483365949119372,4.6722113502935425,10.45
314,Mario Vilella Martinez,67,4,0,3,5.970149253731344,0.0,4.477611940298507,10.45
315,Henrik Holm,268,10,0,18,3.7313432835820897,0.0,6.7164179104477615,10.45
316,Agustin Velotti,67,4,0,3,5.970149253731344,0.0,4.477611940298507,10.45
317,Takao Suzuki,288,11,4,15,3.8194444444444446,1.3888888888888888,5.208333333333333,10.42
318,Gonzalo Escobar,144,4,0,11,2.7777777777777777,0.0,7.638888888888889,10.42
319,Eduardo Russi,48,1,1,3,2.0833333333333335,2.0833333333333335,6.25,10.42
320,Marcos Baghdatis,2135,126,18,78,5.901639344262295,0.8430913348946136,3.6533957845433256,10.4
321,Radek Stepanek,1531,86,2,71,5.6172436316133245,0.13063357282821686,4.637491835401698,10.39
322,Novak Djokovic,53641,2664,470,2422,4.966350366324267,0.8761954475121642,4.515202923137153,10.36
323,Soon Woo Kwon,685,35,1,35,5.109489051094891,0.145985401459854,5.109489051094891,10.36
324,Luca Nardi,503,21,1,30,4.174950298210735,0.1988071570576541,5.964214711729622,10.34
325,Cem Ilkel,290,13,0,17,4.482758620689655,0.0,5.862068965517241,10.34
326,Thierry Champion,116,6,1,5,5.172413793103448,0.8620689655172413,4.310344827586207,10.34
327,Billy Harris,126,4,0,9,3.1746031746031744,0.0,7.142857142857143,10.32
328,Omar Camporese,398,26,0,15,6.532663316582915,0.0,3.7688442211055277,10.3
329,Kilian Feldbausch,68,5,0,2,7.352941176470588,0.0,2.9411764705882355,10.29
330,Kiranpal Pannu,78,2,0,6,2.5641025641025643,0.0,7.6923076923076925,10.26
331,Colton Smith,88,4,0,5,4.545454545454546,0.0,5.681818181818182,10.23
332,Daniel Evans,3237,117,70,143,3.6144578313253013,2.162496138399753,4.417670682730924,10.19
333,Paul Haarhuis,275,14,3,11,5.090909090909091,1.0909090909090908,4.0,10.18
334,Mark Woodforde,118,4,0,8,3.389830508474576,0.0,6.779661016949152,10.17
335,Bu Yunchaokete,374,24,2,12,6.4171122994652405,0.5347593582887701,3.2085561497326203,10.16
336,Martin Klizan,1224,54,12,58,4.411764705882353,0.9803921568627451,4.738562091503268,10.13
337,Maximo Gonzalez,79,1,0,7,1.2658227848101267,0.0,8.860759493670885,10.13
338,Ivan Dodig,385,20,3,16,5.194805194805195,0.7792207792207793,4.1558441558441555,10.13
339,Daniel Gimeno Traver,366,14,3,20,3.8251366120218577,0.819672131147541,5.46448087431694,10.11
340,Andrei Pavel,594,33,1,26,5.555555555555555,0.16835016835016836,4.377104377104377,10.1
341,Dominik Koepfer,1240,50,22,53,4.032258064516129,1.7741935483870968,4.274193548387097,10.08
342,Sho Katayama,60,3,0,3,5.0,0.0,5.0,10.0
343,Yuki Bhambri,100,3,0,7,3.0,0.0,7.0,10.0
344,Dennis Novak,541,25,0,29,4.621072088724584,0.0,5.360443622920518,9.98
345,Nicolas Lapentti,321,17,0,15,5.29595015576324,0.0,4.672897196261682,9.97
346,Rod Frawley,181,5,0,13,2.7624309392265194,0.0,7.18232044198895,9.94
347,John Mcenroe,7913,298,24,464,3.7659547579931756,0.30329836977126245,5.863768482244408,9.93
348,Florian Mayer,745,32,7,35,4.295302013422819,0.9395973154362416,4.697986577181208,9.93
349,Stefan Edberg,22621,542,24,1672,2.3960037133636884,0.10609610538879802,7.391362008752929,9.89
350,Elliot Benchetrit,283,18,0,10,6.360424028268551,0.0,3.5335689045936394,9.89
351,Peter Doohan,182,5,5,8,2.7472527472527473,2.7472527472527473,4.395604395604396,9.89
352,Kyle Edmund,1255,50,14,60,3.9840637450199203,1.1155378486055776,4.780876494023905,9.88
353,Jozef Kovalik,415,12,3,26,2.891566265060241,0.7228915662650602,6.265060240963855,9.88
354,Filip Cristian Jianu,81,4,0,4,4.938271604938271,0.0,4.938271604938271,9.88
355,Christian Harrison,71,3,2,2,4.225352112676056,2.816901408450704,2.816901408450704,9.86
356,Andy Murray,28861,1594,248,998,5.523024150237345,0.8592910848549946,3.4579536398600186,9.84
357,Richard Gasquet,8071,300,128,365,3.7170115227357203,1.5859249163672406,4.52236401932846,9.83
358,Philipp Kohlschreiber,4184,175,21,215,4.182600382409178,0.5019120458891013,5.138623326959847,9.82
359,Christopher Oconnell,1488,65,12,69,4.368279569892473,0.8064516129032258,4.637096774193548,9.81
360,Javier Barranco Cosano,92,4,0,5,4.3478260869565215,0.0,5.434782608695652,9.78
361,Agustin Calleri,123,4,0,8,3.252032520325203,0.0,6.504065040650406,9.76
362,Paolo Lorenzi,1057,57,6,40,5.392620624408704,0.5676442762535477,3.7842951750236518,9.74
363,Younes Lalami Laaroussi,72,2,0,5,2.7777777777777777,0.0,6.944444444444445,9.72
364,Joao Fonseca,844,38,3,41,4.502369668246446,0.35545023696682465,4.85781990521327,9.72
365,Masamichi Imamura,62,4,0,2,6.451612903225806,0.0,3.225806451612903,9.68
366,Antoine Bellier,124,0,0,12,0.0,0.0,9.67741935483871,9.68
367,Coleman Wong,114,6,0,5,5.2631578947368425,0.0,4.385964912280702,9.65
368,Roman Andres Burruchaga,104,1,0,9,0.9615384615384616,0.0,8.653846153846153,9.62
369,Lleyton Hewitt,16006,802,218,520,5.010621017118581,1.361989254029739,3.2487817068599276,9.62
370,Michael Mmoh,479,27,2,17,5.6367432150313155,0.4175365344467641,3.549060542797495,9.6
371,Kevin Curren,991,49,5,41,4.944500504540867,0.5045408678102926,4.137235116044399,9.59
372,Alessandro Giannessi,219,3,0,18,1.36986301369863,0.0,8.219178082191782,9.59
373,Teymuraz Gabashvili,491,12,7,28,2.443991853360489,1.4256619144602851,5.7026476578411405,9.57
374,James Ward,136,7,1,5,5.147058823529412,0.7352941176470589,3.676470588235294,9.56
375,Nishesh Basavareddy,984,53,4,37,5.3861788617886175,0.4065040650406504,3.7601626016260163,9.55
376,Vaclav Safranek,157,6,0,9,3.821656050955414,0.0,5.732484076433121,9.55
377,Dennis Novikov,84,5,0,3,5.9523809523809526,0.0,3.5714285714285716,9.52
378,Filip Dewulf,189,3,0,15,1.5873015873015872,0.0,7.936507936507937,9.52
379,Aljaz Bedene,3308,169,23,123,5.108827085852479,0.6952841596130592,3.7182587666263602,9.52
380,Andrey Golubev,284,15,3,9,5.28169014084507,1.056338028169014,3.1690140845070425,9.51
381,Arnaud Boetsch,347,15,0,18,4.322766570605188,0.0,5.187319884726225,9.51
382,Sebastien Grosjean,1379,71,6,54,5.148658448150834,0.43509789702683105,3.9158810732414793,9.5
383,Andrea Arnaboldi,116,1,1,9,0.8620689655172413,0.8620689655172413,7.758620689655173,9.48
384,Juncheng Shang,981,27,16,50,2.7522935779816513,1.6309887869520896,5.096839959225281,9.48
385,Prajnesh Gunneswaran,412,16,3,20,3.883495145631068,0.7281553398058253,4.854368932038835,9.47
386,Martin Redlicki,74,4,0,3,5.405405405405405,0.0,4.054054054054054,9.46
387,Fernon Wibier,127,6,0,6,4.724409448818897,0.0,4.724409448818897,9.45
388,Leandro Riedi,413,15,0,24,3.6319612590799033,0.0,5.811138014527845,9.44
389,Roberto Bautista Agut,7035,207,159,298,2.9424307036247335,2.260127931769723,4.235963041933191,9.44
390,Tommy Haas,4162,215,34,144,5.165785679961557,0.8169149447381067,3.4598750600672754,9.44
391,John Newcombe,871,35,0,47,4.018369690011481,0.0,5.396096440872561,9.41
392,Niels Visker,85,3,0,5,3.5294117647058822,0.0,5.882352941176471,9.41
393,Denis Kudla,1128,57,15,34,5.053191489361702,1.3297872340425532,3.0141843971631204,9.4
394,Emilio Sanchez,479,16,3,26,3.3402922755741127,0.6263048016701461,5.427974947807933,9.39
395,Lorenzo Musetti,7455,211,140,348,2.830315224681422,1.8779342723004695,4.668008048289739,9.38
396,Ti Chen,64,4,0,2,6.25,0.0,3.125,9.38
397,Gregoire Barrere,1305,34,45,43,2.6053639846743293,3.4482758620689653,3.2950191570881224,9.35
398,Miomir Kecmanovic,4156,126,118,144,3.0317613089509146,2.8392685274302214,3.4648700673724737,9.34
399,Nicolas Kiefer,910,52,0,33,5.714285714285714,0.0,3.6263736263736264,9.34
400,Jan Michael Gambill,204,13,1,5,6.372549019607843,0.49019607843137253,2.450980392156863,9.31
401,Jack Brasington,172,8,0,8,4.651162790697675,0.0,4.651162790697675,9.3
402,Gijs Brouwer,1486,68,5,65,4.576043068640646,0.3364737550471063,4.3741588156123825,9.29
403,Li Tu,563,25,2,25,4.440497335701599,0.3552397868561279,4.440497335701599,9.24
404,Gerald Melzer,65,3,0,3,4.615384615384615,0.0,4.615384615384615,9.23
405,Alejandro Davidovich Fokina,5620,132,119,268,2.3487544483985765,2.117437722419929,4.7686832740213525,9.23
406,Tomas Behrend,76,0,0,7,0.0,0.0,9.210526315789474,9.21
407,Jakob Hlasek,228,8,0,13,3.508771929824561,0.0,5.701754385964913,9.21
408,Giulio Zeppieri,261,10,0,14,3.8314176245210727,0.0,5.363984674329502,9.2
409,Ivan Lendl,16223,786,28,676,4.844973186217099,0.1725944646489552,4.166923503667633,9.18
410,Henri Leconte,1680,55,10,89,3.2738095238095237,0.5952380952380952,5.2976190476190474,9.17
411,Richey Reneberg,306,12,3,13,3.9215686274509802,0.9803921568627451,4.248366013071895,9.15
412,Guillermo Garcia Lopez,962,45,9,34,4.6777546777546775,0.9355509355509356,3.5343035343035343,9.15
413,Viktor Durasovic,208,4,0,15,1.9230769230769231,0.0,7.211538461538462,9.13
414,Constant Lestienne,440,17,4,19,3.8636363636363638,0.9090909090909091,4.318181818181818,9.09
415,Nicolai Budkov Kjaer,198,3,6,9,1.5151515151515151,3.0303030303030303,4.545454545454546,9.09
416,Karim Alami,99,2,0,7,2.0202020202020203,0.0,7.070707070707071,9.09
417,Jesper De Jong,1828,73,6,87,3.9934354485776806,0.3282275711159737,4.759299781181619,9.08
418,Liam Draxl,155,5,0,9,3.225806451612903,0.0,5.806451612903226,9.03
419,Evgeny Donskoy,477,22,3,18,4.612159329140461,0.6289308176100629,3.7735849056603774,9.01
420,Daniel Elahi Galan,1456,65,13,53,4.464285714285714,0.8928571428571429,3.64010989010989,9.0
421,Inigo Cervantes Huegun,267,10,6,8,3.745318352059925,2.247191011235955,2.9962546816479403,8.99
422,Andreas Vinciguerra,89,6,0,2,6.741573033707865,0.0,2.247191011235955,8.99
423,Kimmer Coppejans,89,2,2,4,2.247191011235955,2.247191011235955,4.49438202247191,8.99
424,Gastao Elias,78,2,0,5,2.5641025641025643,0.0,6.410256410256411,8.97
425,Facundo Bagnis,602,24,3,27,3.9867109634551494,0.4983388704318937,4.485049833887043,8.97
426,David Goffin,7856,311,106,288,3.958757637474542,1.34928716904277,3.6659877800407332,8.97
427,Andreas Seppi,3247,117,21,153,3.6033261472128117,0.6467508469356329,4.712041884816754,8.96
428,Rod Laver,648,16,0,42,2.4691358024691357,0.0,6.481481481481482,8.95
429,Alejandro Gonzalez,168,10,0,5,5.9523809523809526,0.0,2.9761904761904763,8.93
430,Mackenzie Mcdonald,2634,99,46,90,3.7585421412300684,1.7463933181473046,3.416856492027335,8.92
431,Makoto Ochi,101,2,0,7,1.9801980198019802,0.0,6.930693069306931,8.91
432,Victor Estrella,517,18,15,13,3.481624758220503,2.9013539651837523,2.514506769825919,8.9
433,Yevgeny Kafelnikov,5306,268,17,186,5.050885789672069,0.3203920090463626,3.5054655107425554,8.88
434,Tim Henman,3483,110,18,181,3.158196956646569,0.5167958656330749,5.196669537754809,8.87
435,Wayne Arthurs,203,3,0,15,1.477832512315271,0.0,7.389162561576355,8.87
436,Franco Skugor,79,5,1,1,6.329113924050633,1.2658227848101267,1.2658227848101267,8.86
437,Evan Furness,79,5,0,2,6.329113924050633,0.0,2.5316455696202533,8.86
438,Brian Battistone,79,0,0,7,0.0,0.0,8.860759493670885,8.86
439,Jose Hernandez,79,4,0,3,5.063291139240507,0.0,3.7974683544303796,8.86
440,Sargis Sargsian,113,7,0,3,6.1946902654867255,0.0,2.6548672566371683,8.85
441,Matt Reid,136,9,2,1,6.617647058823529,1.4705882352941178,0.7352941176470589,8.82
442,Chieh Fu Wang,68,3,0,3,4.411764705882353,0.0,4.411764705882353,8.82
443,Simone Bolelli,307,13,3,11,4.234527687296417,0.9771986970684039,3.583061889250814,8.79
444,David Perez Sanz,57,1,0,4,1.7543859649122806,0.0,7.017543859649122,8.77
445,Juan Pablo Varillas,1004,40,10,38,3.9840637450199203,0.9960159362549801,3.7848605577689245,8.76
446,Pol Martin Tiffon,80,2,0,5,2.5,0.0,6.25,8.75
447,Mario Ancic,994,50,4,33,5.030181086519114,0.4024144869215292,3.319919517102616,8.75
448,Adrian Mannarino,6250,251,90,206,4.016,1.44,3.296,8.75
449,Andres Gomez,732,36,0,28,4.918032786885246,0.0,3.8251366120218577,8.74
450,Matthew Ebden,435,24,0,14,5.517241379310345,0.0,3.218390804597701,8.74
451,Nicolas Massu,790,33,8,28,4.177215189873418,1.0126582278481013,3.5443037974683542,8.73
452,Cristian Garin,2604,85,61,81,3.2642089093701996,2.3425499231950844,3.110599078341014,8.72
453,Abedallah Shelbayh,207,7,2,9,3.3816425120772946,0.966183574879227,4.3478260869565215,8.7
454,Ricardas Berankis,865,30,6,39,3.468208092485549,0.6936416184971098,4.508670520231214,8.67
455,Emil Ruusuvuori,3851,110,79,144,2.856400934822124,2.0514152168267983,3.739288496494417,8.65
456,Tomas Carbonell,104,4,0,5,3.8461538461538463,0.0,4.8076923076923075,8.65
457,Chun Hsin Tseng,301,20,2,4,6.644518272425249,0.6644518272425249,1.3289036544850499,8.64
458,Janko Tipsarevic,3261,140,18,123,4.293161606869059,0.5519779208831647,3.7718491260349585,8.62
459,Alex De Minaur,9928,287,247,322,2.8908138597904913,2.4879129734085415,3.243352135374698,8.62
460,Rudolf Molleker,302,19,0,7,6.291390728476821,0.0,2.3178807947019866,8.61
461,George Bastl,93,3,2,3,3.225806451612903,2.150537634408602,3.225806451612903,8.6
462,Taro Daniel,1024,39,12,37,3.80859375,1.171875,3.61328125,8.59
463,Jan Kroslak,268,14,3,6,5.223880597014926,1.1194029850746268,2.2388059701492535,8.58
464,Juan Ignacio Londero,956,30,3,49,3.1380753138075312,0.3138075313807531,5.125523012552302,8.58
465,Sergio Casal,140,5,0,7,3.5714285714285716,0.0,5.0,8.57
466,James Blake,2971,131,6,117,4.409289801413665,0.2019522046449007,3.938067990575564,8.55
467,Petr Korda,2761,99,8,129,3.585657370517928,0.2897500905469033,4.672220210068816,8.55
468,Pavel Kotov,491,6,12,24,1.2219959266802445,2.443991853360489,4.887983706720978,8.55
469,Marcelo Rios,2458,95,1,114,3.8649308380797396,0.04068348250610252,4.637917005695687,8.54
470,Paolo Cane,82,3,0,4,3.658536585365854,0.0,4.878048780487805,8.54
471,Steve Darcis,656,31,0,25,4.725609756097561,0.0,3.8109756097560976,8.54
472,Brandon Holt,212,9,1,8,4.245283018867925,0.4716981132075472,3.7735849056603774,8.49
473,Jonas Bjorkman,1036,41,0,47,3.9575289575289574,0.0,4.536679536679537,8.49
474,Jim Courier,5740,236,7,244,4.111498257839721,0.12195121951219512,4.2508710801393725,8.48
475,Andreas Haider Maurer,520,26,1,17,5.0,0.19230769230769232,3.269230769230769,8.46
476,Joris De Loore,71,3,2,1,4.225352112676056,2.816901408450704,1.408450704225352,8.45
477,Hugo Gaston,901,13,12,51,1.4428412874583796,1.3318534961154274,5.660377358490566,8.44
478,Dan Goldie,166,3,0,11,1.8072289156626506,0.0,6.626506024096385,8.43
479,Mirza Basic,415,22,3,10,5.301204819277109,0.7228915662650602,2.4096385542168677,8.43
480,Lorenzo Giustino,202,8,0,9,3.9603960396039604,0.0,4.455445544554456,8.42
481,Corentin Moutet,1378,32,17,67,2.3222060957910013,1.2336719883889695,4.86211901306241,8.42
482,Thai Son Kwiatkowski,119,5,0,5,4.201680672268908,0.0,4.201680672268908,8.4
483,Marc Polmans,739,37,0,25,5.006765899864682,0.0,3.3829499323410013,8.39
484,Alex Molcan,1195,42,13,45,3.514644351464435,1.0878661087866108,3.7656903765690375,8.37
485,Federico Delbonis,1816,52,22,78,2.8634361233480177,1.2114537444933922,4.295154185022026,8.37
486,Juan Carlos Ferrero,2787,114,7,112,4.090419806243272,0.25116612845353425,4.018658055256548,8.36
487,Michael Geerts,60,1,0,4,1.6666666666666667,0.0,6.666666666666667,8.33
488,Benjamin Hassan,84,2,0,5,2.380952380952381,0.0,5.9523809523809526,8.33
489,Mohamed Safwat,601,28,0,22,4.658901830282862,0.0,3.660565723793677,8.32
490,Leonardo Mayer,1756,53,7,86,3.0182232346241458,0.39863325740318906,4.89749430523918,8.31
491,Paul Jubb,774,29,5,30,3.746770025839793,0.6459948320413437,3.875968992248062,8.27
492,Marc Gicquel,109,4,0,5,3.669724770642202,0.0,4.587155963302752,8.26
493,Pedro Cachin,728,34,0,26,4.670329670329671,0.0,3.5714285714285716,8.24
494,Andre Agassi,22952,864,95,931,3.7643778319972117,0.4139072847682119,4.056291390728477,8.23
495,Guido Andreozzi,220,6,1,11,2.727272727272727,0.45454545454545453,5.0,8.18
496,Marinko Matosevic,625,28,4,19,4.48,0.64,3.04,8.16
497,Juan Pablo Ficovich,49,4,0,0,8.16326530612245,0.0,0.0,8.16
498,Pat Cash,1998,56,5,102,2.8028028028028027,0.2502502502502503,5.105105105105105,8.16
499,Jurgen Melzer,577,21,5,21,3.6395147313691507,0.8665511265164645,3.6395147313691507,8.15
500,Bradley Klahn,184,8,0,7,4.3478260869565215,0.0,3.8043478260869565,8.15
501,Charles Broom,123,6,0,4,4.878048780487805,0.0,3.252032520325203,8.13
502,Karol Kucera,345,16,0,12,4.63768115942029,0.0,3.4782608695652173,8.12
503,Marton Fucsovics,4544,120,46,201,2.640845070422535,1.0123239436619718,4.423415492957746,8.08
504,Scott Draper,62,4,0,1,6.451612903225806,0.0,1.6129032258064515,8.06
505,Wesley Moodie,62,3,0,2,4.838709677419355,0.0,3.225806451612903,8.06
506,Wayne Ferreira,1217,59,0,39,4.847986852917009,0.0,3.2046014790468367,8.05
507,Michiel Schapers,87,4,0,3,4.597701149425287,0.0,3.4482758620689653,8.05
508,Daniel Rincon,75,2,0,4,2.6666666666666665,0.0,5.333333333333333,8.0
509,Paul Henri Mathieu,613,20,1,28,3.2626427406199023,0.1631321370309951,4.567699836867863,7.99
510,Marcel Granollers,802,26,4,34,3.2418952618453867,0.49875311720698257,4.239401496259352,7.98
511,Xavier Malisse,439,24,1,10,5.466970387243736,0.22779043280182232,2.277904328018223,7.97
512,Fabio Fognini,4186,116,44,173,2.771141901576684,1.051122790253225,4.132823698041089,7.96
513,Guillermo Canas,339,21,0,6,6.1946902654867255,0.0,1.7699115044247788,7.96
514,Dimitar Kuzmanov,202,10,0,6,4.9504950495049505,0.0,2.9702970297029703,7.92
515,Todd Woodbridge,633,22,4,24,3.4755134281200633,0.631911532385466,3.7914691943127963,7.9
516,Potito Starace,114,3,0,6,2.6315789473684212,0.0,5.2631578947368425,7.89
517,Anders Jarryd,152,4,0,8,2.6315789473684212,0.0,5.2631578947368425,7.89
518,Irakli Labadze,190,7,0,8,3.6842105263157894,0.0,4.2105263157894735,7.89
519,Alex Bolt,254,9,0,11,3.543307086614173,0.0,4.330708661417323,7.87
520,Rafael Nadal,42193,1299,191,1825,3.078709738582229,0.45268172445666344,4.325362026876496,7.86
521,Learner Tien,535,19,2,21,3.5514018691588785,0.37383177570093457,3.925233644859813,7.85
522,Cedric Pioline,1352,47,0,59,3.4763313609467454,0.0,4.363905325443787,7.84
523,Balazs Taroczy,218,6,0,11,2.7522935779816513,0.0,5.045871559633028,7.8
524,Carlos Moya,3788,146,9,140,3.8542766631467793,0.2375923970432946,3.6958817317845827,7.79
525,Carlos Taberner,206,12,0,4,5.825242718446602,0.0,1.941747572815534,7.77
526,Federico Coria,791,17,24,20,2.1491782553729455,3.034134007585335,2.5284450063211126,7.71
527,Federico Agustin Gomez,65,3,0,2,4.615384615384615,0.0,3.076923076923077,7.69
528,Christian Bergstrom,104,3,0,5,2.8846153846153846,0.0,4.8076923076923075,7.69
529,Kaylan Bigun,117,3,0,6,2.5641025641025643,0.0,5.128205128205129,7.69
530,Alex Barrena,65,1,0,4,1.5384615384615385,0.0,6.153846153846154,7.69
531,Zdenek Kolar,313,9,0,15,2.8753993610223643,0.0,4.792332268370607,7.67
532,Matthias Bachinger,183,5,2,7,2.73224043715847,1.092896174863388,3.8251366120218577,7.65
533,Mitchell Krueger,196,9,1,5,4.591836734693878,0.5102040816326531,2.5510204081632653,7.65
534,Yoshihito Nishioka,3546,69,94,108,1.9458544839255498,2.6508742244782852,3.045685279187817,7.64
535,Brad Gilbert,419,21,0,11,5.011933174224343,0.0,2.6252983293556085,7.64
536,Moez Echargui,118,3,0,6,2.542372881355932,0.0,5.084745762711864,7.63
537,Guido Pella,1882,68,27,48,3.6131774707757707,1.434643995749203,2.5504782146652496,7.6
538,Ruben Bemelmans,250,14,2,3,5.6,0.8,1.2,7.6
539,Mark Edmondson,79,2,0,4,2.5316455696202533,0.0,5.063291139240507,7.59
540,Michel Kratochvil,79,2,0,4,2.5316455696202533,0.0,5.063291139240507,7.59
541,Marc Sieber,79,2,0,4,2.5316455696202533,0.0,5.063291139240507,7.59
542,Jelle Sels,687,28,0,24,4.075691411935954,0.0,3.493449781659389,7.57
543,Albert Costa,939,21,0,50,2.236421725239617,0.0,5.324813631522897,7.56
544,Christopher Heyman,53,1,0,3,1.8867924528301887,0.0,5.660377358490566,7.55
545,Filip Misolic,413,9,0,22,2.179176755447942,0.0,5.326876513317191,7.51
546,Shintaro Mochizuki,213,4,0,12,1.8779342723004695,0.0,5.633802816901408,7.51
547,Yannick Noah,852,32,3,29,3.755868544600939,0.352112676056338,3.403755868544601,7.51
548,Elias Ymer,240,7,0,11,2.9166666666666665,0.0,4.583333333333333,7.5
549,Andrei Medvedev,1253,50,0,44,3.9904229848363926,0.0,3.5115722266560256,7.5
550,Arnaud Clement,1013,26,3,47,2.566633761105627,0.29615004935834155,4.639684106614018,7.5
551,Daniel Nguyen,107,1,6,1,0.9345794392523364,5.607476635514018,0.9345794392523364,7.48
552,Kei Nishikori,7189,176,49,312,2.4481847266657395,0.6815968841285297,4.3399638336347195,7.47
553,Ivo Heuberger,67,3,0,2,4.477611940298507,0.0,2.985074626865672,7.46
554,Minhtuan Pham,67,1,0,4,1.492537313432836,0.0,5.970149253731344,7.46
555,Jeremy Jahn,243,3,4,11,1.2345679012345678,1.646090534979424,4.526748971193416,7.41
556,Lukasz Kubot,81,2,0,4,2.4691358024691357,0.0,4.938271604938271,7.41
557,Mark Lajal,135,6,1,3,4.444444444444445,0.7407407407407407,2.2222222222222223,7.41
558,Kim Warwick,135,1,0,9,0.7407407407407407,0.0,6.666666666666667,7.41
559,Seong Chan Hong,81,5,0,1,6.172839506172839,0.0,1.2345679012345678,7.41
560,Marco Trungelliti,230,5,0,12,2.1739130434782608,0.0,5.217391304347826,7.39
561,Max Hans Rehberg,149,3,0,8,2.0134228187919465,0.0,5.369127516778524,7.38
562,Kris Van Wyk,68,3,0,2,4.411764705882353,0.0,2.9411764705882355,7.35
563,Eduardo Masso,136,5,0,5,3.676470588235294,0.0,3.676470588235294,7.35
564,Mikhail Kukushkin,1904,60,4,76,3.1512605042016806,0.21008403361344538,3.991596638655462,7.35
565,Magnus Gustafsson,355,11,0,15,3.0985915492957745,0.0,4.225352112676056,7.32
566,Scott Griekspoor,302,7,2,13,2.3178807947019866,0.6622516556291391,4.304635761589404,7.28
567,Thiago Agustin Tirante,371,9,3,15,2.4258760107816713,0.8086253369272237,4.0431266846361185,7.28
568,Mikhail Youzhny,1545,57,5,50,3.6893203883495147,0.32362459546925565,3.236245954692557,7.25
569,Patrick Mcenroe,456,15,4,14,3.289473684210526,0.8771929824561403,3.0701754385964914,7.24
570,Julien Boutter,152,5,0,6,3.289473684210526,0.0,3.9473684210526314,7.24
571,Yu Hsiou Hsu,221,6,2,8,2.7149321266968327,0.9049773755656109,3.6199095022624435,7.24
572,Leo Borg,221,4,1,11,1.8099547511312217,0.45248868778280543,4.97737556561086,7.24
573,Giorgio Galimberti,97,3,0,4,3.0927835051546393,0.0,4.123711340206185,7.22
574,Sebastian Baez,3919,63,73,147,1.607552947180403,1.862720081653483,3.750956876754274,7.22
575,Pablo Llamas Ruiz,97,1,0,6,1.0309278350515463,0.0,6.185567010309279,7.22
576,Farrukh Dustov,194,6,3,5,3.0927835051546393,1.5463917525773196,2.577319587628866,7.22
577,Tim Smyczek,404,10,3,16,2.4752475247524752,0.7425742574257426,3.9603960396039604,7.18
578,Karim Mohamed Maamoun,4454,106,2,212,2.3798832510103276,0.0449034575662326,4.759766502020655,7.18
579,Antonio Veic,70,4,0,1,5.714285714285714,0.0,1.4285714285714286,7.14
580,Luis Herrera,154,1,0,10,0.6493506493506493,0.0,6.4935064935064934,7.14
581,Peter Bertran,56,3,0,1,5.357142857142857,0.0,1.7857142857142858,7.14
582,Darian King,70,1,3,1,1.4285714285714286,4.285714285714286,1.4285714285714286,7.14
583,Edouard Roger Vasselin,322,8,1,14,2.484472049689441,0.3105590062111801,4.3478260869565215,7.14
584,Zsombor Piros,197,4,2,8,2.030456852791878,1.015228426395939,4.060913705583756,7.11
585,Rainer Schuettler,690,24,0,25,3.4782608695652173,0.0,3.6231884057971016,7.1
586,Roberto Marcora,71,2,0,3,2.816901408450704,0.0,4.225352112676056,7.04
587,Marcos Daniel,128,4,0,5,3.125,0.0,3.90625,7.03
588,Nikolay Davydenko,4415,150,17,143,3.3975084937712343,0.38505096262740657,3.2389580973952437,7.02
589,Facundo Diaz Acosta,314,7,0,15,2.229299363057325,0.0,4.777070063694268,7.01
590,Sanjar Fayziev,86,1,0,5,1.1627906976744187,0.0,5.813953488372093,6.98
591,Dominik Hrbaty,331,15,0,8,4.531722054380665,0.0,2.416918429003021,6.95
592,Alex Corretja,2450,69,11,90,2.816326530612245,0.4489795918367347,3.673469387755102,6.94
593,Alejandro Falla,720,24,0,26,3.3333333333333335,0.0,3.611111111111111,6.94
594,Hendrik Dreekmann,145,2,0,8,1.3793103448275863,0.0,5.517241379310345,6.9
595,Paul Capdeville,116,5,0,3,4.310344827586207,0.0,2.586206896551724,6.9
596,Malek Jaziri,903,36,2,24,3.9867109634551494,0.22148394241417496,2.6578073089700998,6.87
597,Raphael Collignon,335,12,4,7,3.582089552238806,1.1940298507462686,2.08955223880597,6.87
598,Michael Zheng,131,6,0,3,4.580152671755725,0.0,2.2900763358778624,6.87
599,Mischa Zverev,963,26,2,38,2.699896157840083,0.20768431983385255,3.9460020768431985,6.85
600,Miloslav Mecir Jr,73,2,0,3,2.73972602739726,0.0,4.109589041095891,6.85
601,Alex Marti Pujolras,73,1,0,4,1.36986301369863,0.0,5.47945205479452,6.85
602,Emilio Gomez,264,8,1,9,3.0303030303030303,0.3787878787878788,3.409090909090909,6.82
603,Jarmere Jenkins,191,7,0,6,3.6649214659685865,0.0,3.141361256544503,6.81
604,Alvaro Guillen Meza,103,1,0,6,0.970873786407767,0.0,5.825242718446602,6.8
605,Albert Ramos,2642,53,25,101,2.0060560181680547,0.9462528387585163,3.8228614685844056,6.78
606,Vit Kopriva,133,5,1,3,3.7593984962406015,0.7518796992481203,2.255639097744361,6.77
607,Giovanni Lapentti,74,1,3,1,1.3513513513513513,4.054054054054054,1.3513513513513513,6.76
608,Corentin Denolly,148,1,0,9,0.6756756756756757,0.0,6.081081081081081,6.76
609,Gianluigi Quinzi,163,1,0,10,0.6134969325153374,0.0,6.134969325153374,6.75
610,Chase Buchanan,89,0,3,3,0.0,3.3707865168539324,3.3707865168539324,6.74
611,Stan Smith,312,10,0,11,3.2051282051282053,0.0,3.5256410256410255,6.73
612,Nicolas Mejia,372,10,6,9,2.6881720430107525,1.6129032258064515,2.4193548387096775,6.72
613,Joao Sousa,1743,58,7,52,3.327596098680436,0.40160642570281124,2.9833620195065977,6.71
614,Thomas Fabbiano,1118,25,5,45,2.23613595706619,0.4472271914132379,4.025044722719142,6.71
615,Nick Hardt,269,8,1,9,2.973977695167286,0.37174721189591076,3.345724907063197,6.69
616,Sergi Bruguera,2578,78,1,93,3.025601241272304,0.038789759503491075,3.60744763382467,6.67
617,Zhe Li,210,3,0,11,1.4285714285714286,0.0,5.238095238095238,6.67
618,Sascha Gueymard Wayenburg,90,0,0,6,0.0,0.0,6.666666666666667,6.67
619,Adrien Bossel,60,1,0,3,1.6666666666666667,0.0,5.0,6.67
620,Hicham Arazi,105,3,3,1,2.857142857142857,2.857142857142857,0.9523809523809523,6.67
621,Yen Hsun Lu,135,1,0,8,0.7407407407407407,0.0,5.925925925925926,6.67
622,Evgeny Korolev,60,3,0,1,5.0,0.0,1.6666666666666667,6.67
623,Alberto Berasategui,392,3,0,23,0.7653061224489796,0.0,5.86734693877551,6.63
624,Somdev Devvarman,151,6,3,1,3.9735099337748343,1.9867549668874172,0.6622516556291391,6.62
625,Radu Albot,1724,29,18,67,1.6821345707656612,1.0440835266821347,3.88631090487239,6.61
626,Maximilian Neuchrist,106,3,0,4,2.830188679245283,0.0,3.7735849056603774,6.6
627,Paul Chamberlin,76,1,1,3,1.3157894736842106,1.3157894736842106,3.9473684210526314,6.58
628,Genaro Alberto Olivieri,76,3,0,2,3.9473684210526314,0.0,2.6315789473684212,6.58
629,David Nalbandian,4203,108,16,152,2.569593147751606,0.3806804663335713,3.616464430168927,6.57
630,Robin Vik,61,2,0,2,3.278688524590164,0.0,3.278688524590164,6.56
631,Mikael Ymer,1546,29,10,62,1.8758085381630012,0.6468305304010349,4.010349288486417,6.53
632,Liam Broady,184,4,3,5,2.1739130434782608,1.6304347826086956,2.717391304347826,6.52
633,Jean Yves Aubone,77,3,0,2,3.896103896103896,0.0,2.5974025974025974,6.49
634,Jenson Brooksby,2430,51,25,81,2.0987654320987654,1.02880658436214,3.3333333333333335,6.46
635,Ernesto Escobedo,93,1,0,5,1.075268817204301,0.0,5.376344086021505,6.45
636,Nicolas Thomann,124,5,0,3,4.032258064516129,0.0,2.4193548387096775,6.45
637,Jerome Kym,140,5,1,3,3.5714285714285716,0.7142857142857143,2.142857142857143,6.43
638,Gianluca Mager,187,8,0,4,4.278074866310161,0.0,2.1390374331550803,6.42
639,Hugo Dellien,1030,10,23,33,0.970873786407767,2.233009708737864,3.203883495145631,6.41
640,John Millman,2394,72,19,62,3.007518796992481,0.7936507936507936,2.589807852965748,6.39
641,Hyeon Chung,957,16,6,39,1.6718913270637408,0.6269592476489029,4.075235109717869,6.37
642,Arthur Ashe,377,3,0,21,0.7957559681697612,0.0,5.570291777188329,6.37
643,Brian Gottfried,204,1,0,12,0.49019607843137253,0.0,5.882352941176471,6.37
644,Jaume Munar,2338,60,27,62,2.5662959794696323,1.1548331907613345,2.6518391787852864,6.37
645,Martin Landaluce,220,4,0,10,1.8181818181818181,0.0,4.545454545454546,6.36
646,Sho Shimabukuro,110,4,0,3,3.6363636363636362,0.0,2.727272727272727,6.36
647,Rio Noguchi,63,0,4,0,0.0,6.349206349206349,0.0,6.35
648,Bernabe Zapata Miralles,1056,29,4,34,2.746212121212121,0.3787878787878788,3.2196969696969697,6.34
649,Johan Sebastien Tatlot,79,2,0,3,2.5316455696202533,0.0,3.7974683544303796,6.33
650,Pedro Martinez,2513,40,23,96,1.5917230401910067,0.9152407481098289,3.820135296458416,6.33
651,Omar Jasika,127,3,0,5,2.3622047244094486,0.0,3.937007874015748,6.3
652,Tommy Robredo,2002,61,21,44,3.046953046953047,1.048951048951049,2.197802197802198,6.29
653,Alexander Volkov,255,9,0,7,3.5294117647058822,0.0,2.7450980392156863,6.27
654,Karel Novacek,399,13,0,12,3.2581453634085213,0.0,3.007518796992481,6.27
655,Enzo Couacaud,303,9,0,10,2.9702970297029703,0.0,3.3003300330033003,6.27
656,Michael Chang,4486,155,5,121,3.4551939366919306,0.11145786892554614,2.6972804279982165,6.26
657,Hernan Casanova,96,1,0,5,1.0416666666666667,0.0,5.208333333333333,6.25
658,Bjorn Borg,2798,77,0,98,2.7519656897784133,0.0,3.502501786990708,6.25
659,Raul Brancaccio,64,3,0,1,4.6875,0.0,1.5625,6.25
660,Juan Ignacio Chela,64,2,0,2,3.125,0.0,3.125,6.25
661,Juan Carlos Prado Angelo,337,6,3,12,1.7804154302670623,0.8902077151335311,3.5608308605341246,6.23
662,Sergio Cortes,113,1,0,6,0.8849557522123894,0.0,5.3097345132743365,6.19
663,Gilles Simon,5871,163,31,168,2.7763583716572984,0.5280190768182592,2.86152273888605,6.17
664,Vitas Gerulaitis,617,12,0,26,1.9448946515397083,0.0,4.213938411669368,6.16
665,Mariano Navone,569,9,14,12,1.5817223198594024,2.460456942003515,2.10896309314587,6.15
666,Adriano Panatta,325,8,0,12,2.4615384615384617,0.0,3.6923076923076925,6.15
667,Alexandre Penaud,65,0,0,4,0.0,0.0,6.153846153846154,6.15
668,Antoine Hoang,65,2,0,2,3.076923076923077,0.0,3.076923076923077,6.15
669,Jimmy Wang,261,7,4,5,2.681992337164751,1.5325670498084292,1.9157088122605364,6.13
670,Aleksandre Metreveli,147,5,0,4,3.401360544217687,0.0,2.7210884353741496,6.12
671,Raul Ramirez,246,6,0,9,2.4390243902439024,0.0,3.658536585365854,6.1
672,Blaz Rola,213,7,0,6,3.2863849765258215,0.0,2.816901408450704,6.1
673,Facundo Arguello,82,0,0,5,0.0,0.0,6.097560975609756,6.1
674,Sjeng Schalken,721,13,7,24,1.8030513176144245,0.970873786407767,3.3287101248266295,6.1
675,Karue Sell,673,19,0,22,2.823179791976226,0.0,3.2689450222882614,6.09
676,Vilius Gaubas,148,3,0,6,2.027027027027027,0.0,4.054054054054054,6.08
677,Ugo Blanchet,148,4,0,5,2.7027027027027026,0.0,3.3783783783783785,6.08
678,Germain Gigounon,99,1,0,5,1.0101010101010102,0.0,5.05050505050505,6.06
679,Javier Sanchez,132,4,0,4,3.0303030303030303,0.0,3.0303030303030303,6.06
680,Adrian Voinea,66,4,0,0,6.0606060606060606,0.0,0.0,6.06
681,Sergey Fomin,232,4,0,10,1.7241379310344827,0.0,4.310344827586207,6.03
682,Albert Montanes,200,5,0,7,2.5,0.0,3.5,6.0
683,Dragos Dima,67,1,0,3,1.492537313432836,0.0,4.477611940298507,5.97
684,Ivo Minar,134,2,0,6,1.492537313432836,0.0,4.477611940298507,5.97
685,Dino Prizmic,402,10,0,14,2.487562189054726,0.0,3.482587064676617,5.97
686,Filip Horansky,67,3,0,1,4.477611940298507,0.0,1.492537313432836,5.97
687,Andrej Martin,201,2,1,9,0.9950248756218906,0.4975124378109453,4.477611940298507,5.97
688,Daniel Kosakowski,84,4,0,1,4.761904761904762,0.0,1.1904761904761905,5.95
689,Stefano Travaglia,84,3,0,2,3.5714285714285716,0.0,2.380952380952381,5.95
690,Jiri Hrebec,84,2,0,3,2.380952380952381,0.0,3.5714285714285716,5.95
691,Taylor Dent,169,0,0,10,0.0,0.0,5.9171597633136095,5.92
692,Ilya Ivashka,1202,44,0,27,3.660565723793677,0.0,2.2462562396006653,5.91
693,Oleksii Krutykh,271,9,1,6,3.321033210332103,0.36900369003690037,2.2140221402214024,5.9
694,Cooper Williams,85,1,2,2,1.1764705882352942,2.3529411764705883,2.3529411764705883,5.88
695,Mauricio Echazu,85,0,0,5,0.0,0.0,5.882352941176471,5.88
696,Jiri Novak,1093,32,0,32,2.92772186642269,0.0,2.92772186642269,5.86
697,Yuichi Sugita,445,14,0,12,3.146067415730337,0.0,2.696629213483146,5.84
698,Mariano Zabaleta,275,6,0,10,2.1818181818181817,0.0,3.6363636363636362,5.82
699,Jimmy Arias,275,8,2,6,2.909090909090909,0.7272727272727273,2.1818181818181817,5.82
700,Jose Rubin Statham,86,3,0,2,3.488372093023256,0.0,2.3255813953488373,5.81
701,David Guez,86,1,0,4,1.1627906976744187,0.0,4.651162790697675,5.81
702,Martin Borisiouk,86,4,0,1,4.651162790697675,0.0,1.1627906976744187,5.81
703,Daniel Michalski,190,0,3,8,0.0,1.5789473684210527,4.2105263157894735,5.79
704,Andres Artunedo,52,0,0,3,0.0,0.0,5.769230769230769,5.77
705,Oleksandr Ovcharenko,104,3,0,3,2.8846153846153846,0.0,2.8846153846153846,5.77
706,Salvatore Caruso,260,9,0,6,3.4615384615384617,0.0,2.3076923076923075,5.77
707,Camilo Ugo Carabelli,1094,29,4,30,2.6508226691042047,0.3656307129798903,2.742230347349177,5.76
708,Donald Young,330,5,1,13,1.5151515151515151,0.30303030303030304,3.9393939393939394,5.76
709,Libor Pimek,87,2,0,3,2.2988505747126435,0.0,3.4482758620689653,5.75
710,Neale Fraser,157,4,0,5,2.5477707006369426,0.0,3.1847133757961785,5.73
711,Daniel Dutra Da Silva,227,6,0,7,2.643171806167401,0.0,3.0837004405286343,5.73
712,Gaston Gaudio,511,8,0,21,1.5655577299412915,0.0,4.109589041095891,5.68
713,Maks Kasnikowski,231,6,0,7,2.5974025974025974,0.0,3.0303030303030303,5.63
714,Attila Balazs,427,12,0,12,2.810304449648712,0.0,2.810304449648712,5.62
715,Riccardo Bonadio,249,4,0,10,1.606425702811245,0.0,4.016064257028113,5.62
716,Nicola Kuhn,232,5,3,5,2.1551724137931036,1.293103448275862,2.1551724137931036,5.6
717,Pablo Andujar,1074,4,2,54,0.37243947858473,0.186219739292365,5.027932960893855,5.59
718,Stephane Robert,412,13,0,10,3.1553398058252426,0.0,2.4271844660194173,5.58
719,Ricardo Hocevar,54,1,1,1,1.8518518518518519,1.8518518518518519,1.8518518518518519,5.56
720,Chris Lewis,362,7,0,13,1.9337016574585635,0.0,3.591160220994475,5.52
721,David Ferrer,6976,150,23,210,2.1502293577981653,0.3297018348623853,3.010321100917431,5.49
722,Roberto Quiroz,91,2,0,3,2.197802197802198,0.0,3.2967032967032965,5.49
723,Alejandro Moro Canas,256,5,0,9,1.953125,0.0,3.515625,5.47
724,Tomas Barrios Vera,239,7,0,6,2.928870292887029,0.0,2.510460251046025,5.44
725,Roberto Carballes Baena,2384,48,27,54,2.0134228187919465,1.1325503355704698,2.2651006711409396,5.41
726,Baptiste Crepatte,148,0,1,7,0.0,0.6756756756756757,4.72972972972973,5.41
727,Mansour Bahrami,74,0,1,3,0.0,1.3513513513513513,4.054054054054054,5.41
728,Damir Dzumhur,944,14,0,37,1.4830508474576272,0.0,3.919491525423729,5.4
729,Dudi Sela,599,10,4,18,1.669449081803005,0.667779632721202,3.005008347245409,5.34
730,Aaron Krickstein,1161,36,0,26,3.10077519379845,0.0,2.239448751076658,5.34
731,Johan Kriek,412,3,0,19,0.7281553398058253,0.0,4.611650485436893,5.34
732,Timofey Skatov,304,3,0,13,0.9868421052631579,0.0,4.276315789473684,5.26
733,Noah Rubin,76,2,0,2,2.6315789473684212,0.0,2.6315789473684212,5.26
734,Marsel Ilhan,57,3,0,0,5.2631578947368425,0.0,0.0,5.26
735,Carlos Costa,247,6,0,7,2.42914979757085,0.0,2.834008097165992,5.26
736,Alexander Ritschard,95,0,0,5,0.0,0.0,5.2631578947368425,5.26
737,Carlos Eduardo Severino,95,1,0,4,1.0526315789473684,0.0,4.2105263157894735,5.26
738,Pedja Krstin,95,4,0,1,4.2105263157894735,0.0,1.0526315789473684,5.26
739,Carlos Berlocq,876,22,10,14,2.5114155251141552,1.1415525114155252,1.5981735159817352,5.25
740,Alexis Galarneau,267,10,0,4,3.745318352059925,0.0,1.4981273408239701,5.24
741,Tobias Kamke,210,3,0,8,1.4285714285714286,0.0,3.8095238095238093,5.24
742,Yannick Maden,248,5,0,8,2.0161290322580645,0.0,3.225806451612903,5.24
743,Jason Jung,96,3,0,2,3.125,0.0,2.0833333333333335,5.21
744,Peter Polansky,404,9,4,8,2.227722772277228,0.9900990099009901,1.9801980198019802,5.2
745,Gonzalo Lama,77,1,1,2,1.2987012987012987,1.2987012987012987,2.5974025974025974,5.19
746,Adrian Andreev,370,11,0,8,2.972972972972973,0.0,2.1621621621621623,5.14
747,Denis Gremelmayr,117,4,0,2,3.4188034188034186,0.0,1.7094017094017093,5.13
748,Tim Mayotte,586,11,1,18,1.8771331058020477,0.17064846416382254,3.0716723549488054,5.12
749,Blaz Kavcic,137,2,0,5,1.4598540145985401,0.0,3.6496350364963503,5.11
750,Franco Squillari,235,5,1,6,2.127659574468085,0.425531914893617,2.5531914893617023,5.11
751,Jonas Svensson,807,13,0,28,1.61090458488228,0.0,3.469640644361834,5.08
752,Dzmitry Zhyrmont,118,4,1,1,3.389830508474576,0.847457627118644,0.847457627118644,5.08
753,Ozan Baris,79,2,0,2,2.5316455696202533,0.0,2.5316455696202533,5.06
754,Thijs Boogaard,99,2,0,3,2.0202020202020203,0.0,3.0303030303030303,5.05
755,Thomas Muster,3143,80,4,72,2.545338848234171,0.12726694241170855,2.290804963410754,4.96
756,Miloslav Mecir,1296,11,2,51,0.8487654320987654,0.15432098765432098,3.935185185185185,4.94
757,Santiago Giraldo,162,3,0,5,1.8518518518518519,0.0,3.0864197530864197,4.94
758,Bill Scanlon,142,3,0,4,2.112676056338028,0.0,2.816901408450704,4.93
759,Renzo Olivo,345,2,1,14,0.5797101449275363,0.2898550724637681,4.057971014492754,4.93
760,Henrique Rocha,184,4,0,5,2.1739130434782608,0.0,2.717391304347826,4.89
761,Jarkko Nieminen,696,17,1,16,2.442528735632184,0.14367816091954022,2.2988505747126435,4.89
762,Flavio Saretta,205,3,2,5,1.4634146341463414,0.975609756097561,2.4390243902439024,4.88
763,Diego Schwartzman,4808,69,27,138,1.435108153078203,0.5615640599001663,2.870216306156406,4.87
764,Andrei Chesnokov,1611,42,11,25,2.60707635009311,0.6828057107386716,1.5518311607697082,4.84
765,Victor Pecci,145,1,0,6,0.6896551724137931,0.0,4.137931034482759,4.83
766,Daniel Smethurst,83,2,0,2,2.4096385542168677,0.0,2.4096385542168677,4.82
767,Conner Huertas Del Pino,125,0,0,6,0.0,0.0,4.8,4.8
768,Hyung Taik Lee,84,1,0,3,1.1904761904761905,0.0,3.5714285714285716,4.76
769,Roberto Cid,105,2,0,3,1.9047619047619047,0.0,2.857142857142857,4.76
770,Cooper Kose,84,1,0,3,1.1904761904761905,0.0,3.5714285714285716,4.76
771,Ruben Ramirez Hidalgo,232,7,0,4,3.0172413793103448,0.0,1.7241379310344827,4.74
772,Nicolas Devilder,85,1,0,3,1.1764705882352942,0.0,3.5294117647058822,4.71
773,Jaime Yzaga,531,5,2,18,0.9416195856873822,0.3766478342749529,3.389830508474576,4.71
774,Mats Wilander,3970,61,0,126,1.5365239294710327,0.0,3.1738035264483626,4.71
775,Dalibor Svrcina,191,2,0,7,1.0471204188481675,0.0,3.6649214659685865,4.71
776,Fernando Romboli,64,2,0,1,3.125,0.0,1.5625,4.69
777,Yannick Mertens,128,3,0,3,2.34375,0.0,2.34375,4.69
778,Jiri Vanek,171,5,0,3,2.9239766081871346,0.0,1.7543859649122806,4.68
779,Nicolas Alvarez Varona,65,0,1,2,0.0,1.5384615384615385,3.076923076923077,4.62
780,Jan Choinski,261,6,0,6,2.2988505747126435,0.0,2.2988505747126435,4.6
781,Wally Masur,392,9,0,9,2.295918367346939,0.0,2.295918367346939,4.59
782,Bjorn Phau,218,5,0,5,2.293577981651376,0.0,2.293577981651376,4.59
783,Pedro Sousa,153,3,0,4,1.9607843137254901,0.0,2.6143790849673203,4.58
784,Benjamin Balleret,67,2,0,1,2.985074626865672,0.0,1.492537313432836,4.48
785,Filip Bergevi,112,2,0,3,1.7857142857142858,0.0,2.6785714285714284,4.46
786,Jimmy Connors,4333,55,9,129,1.269328409877683,0.20770828525271176,2.977152088622202,4.45
787,Martin Cuevas,136,2,0,4,1.4705882352941178,0.0,2.9411764705882355,4.41
788,Vincent Millot,68,1,0,2,1.4705882352941178,0.0,2.9411764705882355,4.41
789,Zeljko Krajan,92,1,0,3,1.0869565217391304,0.0,3.260869565217391,4.35
790,Alberto Mancini,277,4,0,8,1.444043321299639,0.0,2.888086642599278,4.33
791,Gilles Arnaud Bailly,187,2,0,6,1.0695187165775402,0.0,3.2085561497326203,4.28
792,Illya Marchenko,234,8,2,0,3.4188034188034186,0.8547008547008547,0.0,4.27
793,Federico Luzzi,141,3,0,3,2.127659574468085,0.0,2.127659574468085,4.26
794,Guillermo Coria,1927,37,6,39,1.9200830306175403,0.3113648157758173,2.0238713025428128,4.26
795,Davide Sanguinetti,236,7,0,3,2.9661016949152543,0.0,1.271186440677966,4.24
796,Aristotelis Thanos,71,2,0,1,2.816901408450704,0.0,1.408450704225352,4.23
797,Federico Cina,142,4,0,2,2.816901408450704,0.0,1.408450704225352,4.23
798,Liang Chi Huang,48,1,0,1,2.0833333333333335,0.0,2.0833333333333335,4.17
799,Joao Menezes,193,5,0,3,2.5906735751295336,0.0,1.5544041450777202,4.15
800,Naoki Nakagawa,73,2,0,1,2.73972602739726,0.0,1.36986301369863,4.11
801,Dmitry Popko,317,6,0,7,1.8927444794952681,0.0,2.2082018927444795,4.1
802,Christophe Roger Vasselin,74,1,0,2,1.3513513513513513,0.0,2.7027027027027026,4.05
803,Luis Ayala,151,2,0,4,1.3245033112582782,0.0,2.6490066225165565,3.97
804,Andrew Harris,76,2,0,1,2.6315789473684212,0.0,1.3157894736842106,3.95
805,Nicolas Escude,280,8,0,3,2.857142857142857,0.0,1.0714285714285714,3.93
806,Zachary Svajda,154,4,0,2,2.5974025974025974,0.0,1.2987012987012987,3.9
807,Juan Manuel Cerundolo,361,8,0,6,2.21606648199446,0.0,1.6620498614958448,3.88
808,Henrik Sundstrom,129,1,0,4,0.7751937984496124,0.0,3.10077519379845,3.88
809,Andrea Gaudenzi,233,2,0,7,0.8583690987124464,0.0,3.004291845493562,3.86
810,Mark Petchey,104,0,0,4,0.0,0.0,3.8461538461538463,3.85
811,Byron Black,104,1,1,2,0.9615384615384616,0.9615384615384616,1.9230769230769231,3.85
812,Fabrice Santoro,912,24,5,6,2.6315789473684212,0.5482456140350878,0.6578947368421053,3.84
813,Filippo Volandri,474,7,0,11,1.4767932489451476,0.0,2.320675105485232,3.8
814,Juan Carlos Saez,53,2,0,0,3.7735849056603774,0.0,0.0,3.77
815,Marc Lopez,135,0,0,5,0.0,0.0,3.7037037037037037,3.7
816,Amir Weintraub,109,1,0,3,0.9174311926605505,0.0,2.7522935779816513,3.67
817,Juan Monaco,356,6,0,7,1.6853932584269662,0.0,1.9662921348314606,3.65
818,Jan Kodes,275,3,0,7,1.0909090909090908,0.0,2.5454545454545454,3.64
819,Igor Andreev,373,6,0,7,1.6085790884718498,0.0,1.876675603217158,3.49
820,Stefan Koubek,58,1,0,1,1.7241379310344827,0.0,1.7241379310344827,3.45
821,Alexander Vasilenko,58,1,0,1,1.7241379310344827,0.0,1.7241379310344827,3.45
822,Harel Levy,178,3,0,3,1.6853932584269662,0.0,1.6853932584269662,3.37
823,Jay Clarke,119,1,0,3,0.8403361344537815,0.0,2.5210084033613445,3.36
824,Alex Bogomolov Jr,90,0,0,3,0.0,0.0,3.3333333333333335,3.33
825,Lucas Catarina,242,5,0,3,2.0661157024793386,0.0,1.2396694214876034,3.31
826,Mikael Tillstrom,125,1,0,3,0.8,0.0,2.4,3.2
827,Jurgen Zopp,63,0,0,2,0.0,0.0,3.1746031746031744,3.17
828,Alex Bogdanovic,95,1,0,2,1.0526315789473684,0.0,2.1052631578947367,3.16
829,Sumit Nagal,190,0,0,6,0.0,0.0,3.1578947368421053,3.16
830,Guillermo Vilas,666,8,0,13,1.2012012012012012,0.0,1.951951951951952,3.15
831,Mikael Pernfors,676,12,0,9,1.7751479289940828,0.0,1.331360946745562,3.11
832,Jose Luis Clerc,231,5,0,2,2.1645021645021645,0.0,0.8658008658008658,3.03
833,Patrick Brady,66,1,0,1,1.5151515151515151,0.0,1.5151515151515151,3.03
834,Axel Michon,67,1,0,1,1.492537313432836,0.0,1.492537313432836,2.99
835,Tony Roche,167,0,0,5,0.0,0.0,2.9940119760479043,2.99
836,Francisco Llanes,67,0,0,2,0.0,0.0,2.985074626865672,2.99
837,Harold Mayot,67,1,0,1,1.492537313432836,0.0,1.492537313432836,2.99
838,Alberto Martin,103,0,0,3,0.0,0.0,2.912621359223301,2.91
839,Nikola Cacic,69,1,0,1,1.4492753623188406,0.0,1.4492753623188406,2.9
840,Tomas Zib,69,0,0,2,0.0,0.0,2.898550724637681,2.9
841,Steven Diez,244,2,0,5,0.819672131147541,0.0,2.0491803278688523,2.87
842,Sanam Singh,70,1,0,1,1.4285714285714286,0.0,1.4285714285714286,2.86
843,Kamil Majchrzak,70,0,0,2,0.0,0.0,2.857142857142857,2.86
844,Jose Higueras,213,0,0,6,0.0,0.0,2.816901408450704,2.82
845,Olivier Delaitre,71,1,0,1,1.408450704225352,0.0,1.408450704225352,2.82
846,Andrei Stoliarov,142,0,0,4,0.0,0.0,2.816901408450704,2.82
847,Victor Hanescu,142,1,0,3,0.704225352112676,0.0,2.112676056338028,2.82
848,Duck Hee Lee,72,1,0,1,1.3888888888888888,0.0,1.3888888888888888,2.78
849,Felix Mantilla,590,3,1,12,0.5084745762711864,0.1694915254237288,2.0338983050847457,2.71
850,Rafael Arevalo,74,0,0,2,0.0,0.0,2.7027027027027026,2.7
851,Ken Rosewall,338,0,0,9,0.0,0.0,2.662721893491124,2.66
852,Juan Aguilera,113,3,0,0,2.6548672566371683,0.0,0.0,2.65
853,Ilie Nastase,264,5,0,2,1.893939393939394,0.0,0.7575757575757576,2.65
854,Mariano Puerta,77,1,0,1,1.2987012987012987,0.0,1.2987012987012987,2.6
855,Nicola Pietrangeli,154,1,0,3,0.6493506493506493,0.0,1.948051948051948,2.6
856,Arnaud Di Pasquale,116,2,0,1,1.7241379310344827,0.0,0.8620689655172413,2.59
857,Mate Delic,78,0,0,2,0.0,0.0,2.5641025641025643,2.56
858,Facundo Mena,79,0,0,2,0.0,0.0,2.5316455696202533,2.53
859,Alexander Cozbinov,161,2,0,2,1.2422360248447204,0.0,1.2422360248447204,2.48
860,Gabriel Markus,204,0,0,5,0.0,0.0,2.450980392156863,2.45
861,Eddie Dibbs,41,0,0,1,0.0,0.0,2.4390243902439024,2.44
862,Altug Celikbilek,82,2,0,0,2.4390243902439024,0.0,0.0,2.44
863,Jan Hernych,82,1,0,1,1.2195121951219512,0.0,1.2195121951219512,2.44
864,Jordi Arrese,302,3,0,4,0.9933774834437086,0.0,1.3245033112582782,2.32
865,Karol Beck,88,1,0,1,1.1363636363636365,0.0,1.1363636363636365,2.27
866,Manuel Orantes,136,3,0,0,2.2058823529411766,0.0,0.0,2.21
867,Mike Bryan,91,0,0,2,0.0,0.0,2.197802197802198,2.2
868,Nikola Pilic,97,1,0,1,1.0309278350515463,0.0,1.0309278350515463,2.06
869,Alan Mackin,97,0,0,2,0.0,0.0,2.0618556701030926,2.06
870,Yuichi Ito,49,1,0,0,2.0408163265306123,0.0,0.0,2.04
871,Carlos Gimeno Valero,49,0,0,1,0.0,0.0,2.0408163265306123,2.04
872,Todd Reid,100,1,0,1,1.0,0.0,1.0,2.0
873,Evan King,152,2,0,1,1.3157894736842106,0.0,0.6578947368421053,1.97
874,Vincent Spadea,102,1,0,1,0.9803921568627451,0.0,0.9803921568627451,1.96
875,Lukas Neumayer,104,1,0,1,0.9615384615384616,0.0,0.9615384615384616,1.92
876,Bruno Kuzuhara,217,0,2,2,0.0,0.9216589861751152,0.9216589861751152,1.84
877,Kelly Evernden,116,0,0,2,0.0,0.0,1.7241379310344827,1.72
878,Andrea Pellegrino,58,0,0,1,0.0,0.0,1.7241379310344827,1.72
879,Steve Denton,116,0,0,2,0.0,0.0,1.7241379310344827,1.72
880,Kyrian Jacquet,118,1,0,1,0.847457627118644,0.0,0.847457627118644,1.69
881,Christophe Rochus,59,0,0,1,0.0,0.0,1.694915254237288,1.69
882,Corrado Borroni,59,0,0,1,0.0,0.0,1.694915254237288,1.69
883,Martin Jaite,298,2,0,3,0.6711409395973155,0.0,1.0067114093959733,1.68
884,Adam Walton,125,1,0,1,0.8,0.0,0.8,1.6
885,Brian Teacher,133,0,0,2,0.0,0.0,1.5037593984962405,1.5
886,Arklon Huertas Del Pino,135,1,0,1,0.7407407407407407,0.0,0.7407407407407407,1.48
887,Pedro Araujo,71,0,0,1,0.0,0.0,1.408450704225352,1.41
888,Pavel Tsoy,72,0,0,1,0.0,0.0,1.3888888888888888,1.39
889,Cedrik Marcel Stebe,75,0,0,1,0.0,0.0,1.3333333333333333,1.33
890,Strong Kirchheimer,77,1,0,0,1.2987012987012987,0.0,0.0,1.3
891,Evan Zhu,80,0,0,1,0.0,0.0,1.25,1.25
892,Diego Hartfield,171,0,0,2,0.0,0.0,1.1695906432748537,1.17
893,Stefano Pescosolido,88,0,0,1,0.0,0.0,1.1363636363636365,1.14
894,Marcel Freeman,89,1,0,0,1.1235955056179776,0.0,0.0,1.12
895,Hiroki Moriya,90,0,0,1,0.0,0.0,1.1111111111111112,1.11
896,Francisco Clavet,98,0,0,1,0.0,0.0,1.0204081632653061,1.02
897,Florent Serra,105,0,0,1,0.0,0.0,0.9523809523809523,0.95
898,Harold Solomon,111,0,0,1,0.0,0.0,0.9009009009009009,0.9
899,Jean Rene Lisnard,117,0,0,1,0.0,0.0,0.8547008547008547,0.85
900,John Marks,187,0,0,1,0.0,0.0,0.5347593582887701,0.53
901,Markus Eriksson,81,0,0,0,0.0,0.0,0.0,0.0
902,Dario Acosta,67,0,0,0,0.0,0.0,0.0,0.0
903,Ho Gi Kang,63,0,0,0,0.0,0.0,0.0,0.0
904,Hunter Reese,60,0,0,0,0.0,0.0,0.0,0.0
905,Inaki Montes De La Torre,86,0,0,0,0.0,0.0,0.0,0.0
906,Izak Van Der Merwe,73,0,0,0,0.0,0.0,0.0,0.0
907,Alexey Vatutin,54,0,0,0,0.0,0.0,0.0,0.0
908,Corrado Barazzutti,58,0,0,0,0.0,0.0,0.0,0.0
909,Andrei Cherkasov,96,0,0,0,0.0,0.0,0.0,0.0
910,Nattan Benjasupawan,56,0,0,0,0.0,0.0,0.0,0.0
911,Milos Sekulic,71,0,0,0,0.0,0.0,0.0,0.0
912,Fitriadi M Rifqi,58,0,0,0,0.0,0.0,0.0,0.0
